state,feature_0,feature_1,feature_2
0,1.7583120569326613,10.506798440086149,8.404390557253972
0,2.8469850720104017,8.648404682168033,6.175641774967354
0,3.7413861087020117,10.154149224601854,10.147433507340438
0,4.765094091505864,8.405435180266942,7.963643494648318
0,3.770607219520351,10.503868578735883,7.878979477564828
0,3.735301329351623,9.542931532951311,6.530234547346746
0,4.141410615794306,9.945777670945368,6.322826362380003
0,5.462853333983934,8.228242708790814,7.784806712171769
4,8.710622083257658,3.792813035053096,1.6273393619987981
3,5.789358986627522,0.7246216777024346,10.786310895676865
3,6.242100895482842,1.319689331290244,10.311311464170988
3,8.260401659757767,0.3460429254395835,9.419976293606735
3,5.864499910616926,2.2849074244470424,9.551456548187295
3,6.962269891478108,1.99778627105642,11.085428698028773
3,6.334823323648927,1.1094567036340366,10.702152203213737
3,8.16824866406035,1.1494344095522704,11.293832325271955
3,6.974014810149208,1.1243963611874759,8.310438210866547
3,8.41514481750383,0.9655885608247101,10.086301240969696
3,6.583394871466489,1.9289717324334488,9.517027247746324
2,1.0958837154740724,9.710987429676491,6.738786215348564
3,8.744515333714185,1.3608137426170548,9.419900123013372
2,2.1958780122877704,8.403477158842259,4.946520157556761
3,4.717477152600939,1.5307783925509884,9.333672217877655
3,7.083516343694467,1.0239747369962129,10.133239526272488
3,6.429596391697147,2.5892191873215156,9.710637864946309
3,5.699148578174186,1.2454906586032484,12.192430781943235
0,4.84861516905979,9.297400112950355,7.013236268689246
0,3.9493628492863793,10.699251572204265,8.33987850898942
0,3.5690332262765687,10.940444476621924,8.993150782180834
0,5.763186823118166,8.565892432558556,7.021647746699874
0,6.077466023304725,10.430018173324624,7.597089822042783
0,4.00532177279372,8.494125043963141,8.061537906937827
0,4.991409285587998,9.395491380826181,7.199681077326032
0,3.485348695797414,10.369945975058915,6.357081159868691
2,2.8866390339309005,11.33474802824375,6.085544147859986
3,7.166786483068904,1.4451432429106457,10.51101154123526
3,8.672050014428896,0.31811429261266877,10.346829514969095
0,5.587931866606373,9.849501230987926,6.873594058276278
0,4.545694081617734,8.339573865330006,8.637292868623511
0,5.695966731140464,8.581747087461924,8.375030080045098
0,5.140838429557056,10.824818280093147,8.012431720359096
0,5.311396654588272,9.311040641686375,6.834209311945156
0,5.249534617817158,9.316834249495436,8.79732744698928
0,4.908821073318259,9.29177192445129,10.308114642892264
0,3.407845443560136,10.533608758502318,7.6299255407726685
0,4.233589252528446,9.332965972363395,8.301945970394737
0,4.246728680744603,10.296769575636983,7.135483243957976
0,5.14791086452987,9.109913805622224,8.444344270626118
0,5.080970309990216,9.648907629240343,8.218020414903654
0,6.133798541929491,9.614637476135245,6.444975178472022
2,2.395199667174248,9.861783856072154,5.4510270092621
2,2.904757113685738,9.310620579183077,6.9238210566010885
3,7.396585014630246,2.0571744374746146,11.166544997791476
3,7.379959572905041,2.1392622121554243,10.380579920763747
3,6.220087828504394,-0.315507944544952,9.894211467567288
0,3.5149321517968946,11.871087324362755,5.720680283710898
0,3.956329264236371,9.63662747023006,6.694825202673423
0,4.0360438222315285,8.841125048429276,8.267543225237322
0,6.7598970270187255,11.399842516009778,8.95138096725435
4,9.32074974480867,0.8859094094468785,2.8228790196333335
4,8.047485022984612,1.2419196370139538,1.8646056271071507
1,8.049228088381483,1.9292224528209725,1.750621450452112
1,7.333308047860896,3.6705746193548032,2.781246948486233
1,8.03927734425282,0.8847977980279151,1.9197166101595726
1,6.150534396566661,4.2761734444542325,2.3845085421262757
1,5.455334701212248,2.151599612588768,1.1561675010609744
1,7.930994009632413,3.727431571133165,2.2755385364861156
1,5.922261586518783,3.567331516136888,2.414183744045411
1,6.185468831941778,2.465064371099089,3.051113379812868
1,6.514021185597358,3.9901845801272806,1.1661351841989749
1,7.074774870539301,2.4751401796216745,2.843277823129258
3,7.264155311600896,1.4662523163972547,9.106489149637355
0,5.255851536812928,9.091899009044278,6.965708311396367
0,4.015372428709903,10.456028633122497,7.895244997179255
1,5.758225500508217,3.280922413934254,2.955687693490898
2,0.8126245515863114,8.77468371801027,6.527362488997661
2,0.8535497813325822,9.957522629721192,7.9628948815282055
2,1.083234634039518,10.101064119128747,6.431038947321639
2,1.28352771164404,9.649560023042273,6.138994643400337
4,7.878889084295417,3.008047961097204,3.231581730300819
4,6.69993866706858,2.464278484314578,3.84134762664248
4,7.295323297990273,3.5351718131566408,3.264770214128186
0,3.6717144915343454,9.547611711443437,5.497927727672366
2,3.293184026080514,7.970088115181905,6.088649264035886
1,7.001767699248754,3.7620485520819167,1.9706472761232638
2,1.7265752370412624,8.324547006356093,6.6420850430465155
1,7.542280696182253,1.9267860334066078,1.739723239721401
0,5.730972435874434,9.86733632328725,9.063301693252198
0,4.068536827549955,9.551865928698948,6.905602875182492
0,4.3226655840904495,9.879147318027334,6.760714532750323
1,6.880612841573734,2.493040770113672,0.9583407105537414
2,0.6786155959960555,9.019677793784833,6.422627506470675
1,6.861553745500894,2.4585183419204997,4.679711980593027
1,6.7941530428232575,4.5573502214934845,1.6366031201377744
1,6.27699442214382,3.380476890463031,0.9511012239534631
0,5.154867480540431,7.432533033379438,7.062190454621884
0,2.4581545525620436,9.918905216494547,8.159292986629433
0,5.341384889639473,8.236195550668603,9.419404242157
4,8.41837265141189,2.6288308071172746,2.9319022292870893
3,6.275307331597751,1.0707206034096042,10.967004981431412
3,7.264024536075554,1.1297754903645483,9.988577978457643
4,8.794332057535438,2.9162956958226687,2.6834052986286476
4,8.178960058987354,1.311928523567003,1.2678345893220486
4,9.027475577179,1.3769378253688633,3.9141015267624146
1,6.630260043856442,4.451566685112167,2.5188121512397195
2,3.0740153642467662,10.856333236856404,8.165375948132084
3,6.352269952902255,0.9161660107332716,11.218233843342428
3,8.250478368644522,2.24368493551181,7.970449183034835
3,8.258716760410563,1.0481826276203692,9.929323088631373
3,5.2017873720339995,2.8138759942335136,8.349087211243058
3,7.357934941529472,1.9816658783585486,9.447803562906863
4,6.8272905710087874,0.843609896064609,2.5473046653511173
4,8.36907246065234,2.8357483413493623,1.535172800016794
3,7.860326475087703,1.1225813513890501,10.684330989959188
3,6.925969729473742,0.7095891006936197,8.91368959616946
0,3.8118355763924057,9.449398397734686,6.552703153883272
0,4.428335072650559,7.2736262676484476,7.4859959638227895
1,6.430060439515259,1.7044422559893428,2.617930593760046
2,2.3741067741143054,8.175221589438864,5.673622933431234
2,2.102256911063649,8.520533614822773,4.108113940953295
2,0.8962283268252514,6.603455255732438,7.261437198067708
3,6.384717354367868,4.26414125711746,10.848763580892527
2,3.0465399197076035,6.338838255110938,5.59952925870966
2,0.618210625726724,8.14901242773189,5.328487102074485
1,6.6061490903044255,3.314731886353009,3.4592816795722383
1,7.041560619108653,2.481536071629547,1.5426664816975602
1,5.947421798899804,3.9862059469457085,2.01588149322841
1,5.719524389470061,3.33034531151357,4.313367323495955
1,6.415617289389542,2.5315332425190844,2.0425278435988465
0,4.132367702242204,8.905786188567419,7.100820092537949
0,3.5422772986075275,9.011259558357402,5.08518595464043
4,9.176625968758964,2.672103949238076,1.728861042822308
4,8.729308151963538,3.184629399243114,1.912422908259607
4,7.9594034649833905,3.0103843015337115,3.387811828235695
4,9.424995907592145,2.149317080376666,2.0718677015943308
4,7.489937043575061,1.283509558221323,2.6845096515252878
1,4.863635824603337,3.2019040785605632,1.2648089544359413
1,6.655669023476591,1.7523316561797695,2.4513493543422378
1,5.785957678876945,3.1644188586172888,3.510279787854267
1,7.159564507074665,-0.06747673614536076,1.607055427555347
1,6.557655642163703,2.493561683127578,2.891994762404573
2,3.102886604588997,9.13318797404962,5.998158139566412
2,1.2042739988634559,8.476528290908075,6.953518258652657
2,2.5576734365943943,9.666710015406109,6.084011573521038
2,1.272629908439284,10.096637745136716,5.733622085204841
2,-0.7075773981120936,8.814003691163968,8.086472417964162
2,1.2835738434836266,9.618690287719424,7.302445925504091
2,1.6183729554031878,7.316999066194575,7.553789148895809
1,6.897304474109435,3.651494819213653,3.369872690985414
1,6.469981228926127,1.9448068644416845,1.5541063135610322
1,7.897697670232953,2.8062022440288508,2.056423949252869
2,2.3518911940990637,8.525710376681046,5.4312713899065725
2,1.0953445670643198,8.242939538627411,7.373885424404241
2,2.4963099570339193,9.209020215198118,8.286830918246945
2,0.4643671066667432,8.282670937003001,6.580629309269743
2,2.3583179078636993,9.449950968328475,6.354450434778425
1,6.568457199578761,5.047739347380479,2.2011044633556716
2,1.569667944464054,8.904980106579309,7.1358017295875715
2,1.7396135464967335,9.23770197728789,6.660279038262528
2,0.38299808135708924,10.388771938613814,5.898819429257695
4,8.401756103147585,3.6921252637209383,5.175115806601392
3,7.896605867272203,1.0272525500832326,9.302307599510529
3,8.224899689194677,-1.1354769253159085,9.499309098011562
3,8.000793213645078,0.8494757493720938,11.398210194747342
3,6.247234192417521,1.036223781932692,9.722535214826712
3,6.053508154962464,0.9543259184535441,10.425395034271368
3,6.355461029619018,1.701929757310345,8.930078098632684
4,8.3274481091541,5.484411799354346,2.695643138878394
0,3.5883173643917825,10.230709226436021,7.473101456819622
0,4.525897693221781,9.523675487473247,7.044520705168881
0,5.759443338666551,6.897077400639873,5.509568821383702
0,3.1302209919386916,9.213741163608896,7.216504610306854
2,1.3728745427513336,9.323350072906077,7.243258983309621
2,0.19621349340403627,9.731263705121878,7.681590200683038
1,5.6834562543138,1.6758526140340426,2.5026964606631585
0,4.240515923639054,8.3343009487973,8.300943906475034
0,5.184724977749868,8.616014983121342,7.822597481457732
0,4.6236165771641495,8.475365430089347,8.203881083246909
0,2.7010818975578625,11.321115691951963,6.346444245353523
0,3.554555660571417,7.999799584165341,8.193955427648286
0,5.61755580615585,7.386551070648387,5.834476060051983
4,7.947061532244886,2.366132909295536,3.0355608192159766
4,9.463806457376531,2.8800937454679123,2.300709631977335
0,5.71690527709098,9.864230526581304,5.87777708364602
0,3.748006566524979,9.138285723679973,6.299498096545321
0,4.471678491880315,9.752274012786927,6.6095726986876135
0,6.376435115266216,10.274020337482295,7.118797756107711
0,4.897798482258053,9.81245849200312,8.57063646024816
0,3.3671031780628917,10.066725147271569,7.429843986232447
0,5.177454317539949,8.931610179993566,7.6140365265134795
0,4.022847983329424,9.754987120585536,6.1535805091438
0,4.951883079492248,8.633195511578341,6.236260870686312
1,6.961893316975005,0.6505940460732416,4.485265339790965
3,7.068099561677152,0.32690266848100846,10.42949854886694
0,4.978427933957621,8.037248774703068,7.582609005465982
0,3.712092243844906,10.70570208397492,6.884769051176758
0,4.550706488354321,9.221576485313133,9.562972829933427
0,4.323596416997253,10.26418069314472,7.025478700408378
1,5.300145422511568,3.3336502713266984,0.6410837541547838
0,5.514996272242681,9.481995328589198,8.208617573853324
0,5.435429747652963,9.676034426576315,8.404643994016215
0,4.989523029336195,10.39035091223815,8.047125555531082
0,2.844309207928516,9.49852385035146,8.406430210941185
0,4.5047087238722625,8.475372217280983,8.641098329635549
4,9.621053204738939,2.830636222395493,2.1709745224598525
4,9.378501179772849,3.007172773045469,2.1741494161588633
3,6.3301683259372705,2.463187277900387,9.468161416211153
3,7.507637920984098,2.632238333015955,9.925743445969523
3,8.240418224335297,1.4682926540574384,8.379725098032425
0,4.956364530484842,9.63871274696467,8.653425851367997
4,9.715154717795253,2.227620205974363,2.126567127363931
4,6.00737218811798,2.465549474703714,4.0898091819816065
4,7.619353139832784,3.7047099380848394,2.336064216775277
3,6.567866283504085,0.18111968191015415,8.96139110435382
0,2.4371827685187024,8.34903292604287,6.517367396625478
4,9.174607003660942,3.8953743945810695,2.4224358606383967
4,10.801706522609981,2.24715508255782,3.803527619247542
4,10.113092324991511,2.27331201185317,2.105427749862088
3,7.928030016971317,0.5623899522389383,9.233219623131479
4,8.323868871578501,4.33155624409434,2.0656784111144297
4,8.835602356739013,2.53449934508222,1.9312139685341245
4,7.788363704277349,4.458557197434548,4.432302377959427
0,4.008326044526901,10.140229133845535,8.131444579091987
0,5.454470723531734,9.379481530195196,6.7896482317641915
0,5.254961906185442,8.605744966283918,6.747036678254791
0,4.362582995076213,9.038817458653075,7.811733427941544
2,-1.9580563192462885,7.925362069830905,7.615663183641717
2,1.8658875605306688,9.477476801600728,8.256742431424913
2,1.7627752471988414,9.101139632351675,7.343031748339447
3,7.794338124076669,2.005742629859586,10.236462700565246
3,8.381174024942991,2.716949249903137,9.07999734455427
3,7.853215307575157,1.0181423683453676,9.875902355891272
3,6.683112879084043,1.6802159662237475,10.14744122424395
3,7.773065229402846,1.3763595166821254,9.775625217614097
3,8.125957469242058,-0.16498796328060306,11.224322414975362
2,1.7363829339423054,9.044968995685172,7.9874883854523535
4,9.70096571131026,1.4695577480408704,2.8119705347544137
0,4.779373418003689,10.630060507549016,6.5614301768915855
0,2.5609021686455566,10.521443718752474,7.107813608606795
2,1.650555206880578,8.23666346470283,6.787246980753401
2,1.3917141025147994,6.7603450713489135,7.142158713021952
2,2.6028215098359597,7.347571411558173,4.211229149068798
1,7.03656269249429,3.391476663238554,3.5258038724526726
1,7.698470182465543,3.0543689419405897,2.304774819246441
1,5.160666576852472,4.06430471743017,3.3018392217861656
1,6.181359189342,1.1526283397914845,3.847715287099083
2,2.0282543201252863,8.766660427799547,6.67970446308595
2,1.2926960739174125,9.365352592206621,6.857743665706194
2,0.5783837319707427,9.118831074883396,7.659236873176413
2,2.0141570765332926,8.119193009915147,8.210975538599696
2,0.7819201015460928,8.781296280584447,4.818630458192591
2,2.087453572049951,8.349401878759638,4.520494374743349
1,6.214891479076411,1.7160080738816559,4.876230145298484
1,5.892060179766045,3.1899679226327606,2.8294082448107885
1,6.3637493806752,1.8331630443423554,2.14062878041186
3,6.969363698191289,1.1816579095716535,8.570823980265406
3,7.897541978828359,2.9668855390875892,8.852870001483767
3,7.410313433332347,0.1836404387673065,9.448088376571995
3,8.361535937473427,1.808570255316826,9.235725853093934
2,1.0777691881399356,10.19494074856042,7.334668788601649
1,8.1999064819082,2.762093492673697,2.7972138344095017
2,2.204197589871081,9.845138027293752,5.874799894128311
1,6.502459723988793,3.3543132349807605,2.2059975564574934
1,7.705204584504515,4.1401315671471774,2.601861466488472
0,3.3392848227561047,9.027130520143025,8.20663202415055
0,5.500185507165764,11.283971927789956,8.024269145976678
0,3.2430338491249566,10.120706145715982,7.085689760108522
0,4.582456040006656,9.2990522202659,5.919361402425056
2,2.4556315938424165,9.668743860593565,4.5457035773797845
2,0.6211517634782229,9.020037130534389,7.4571334083010345
2,1.417360584076469,10.57641452494106,4.777082825146897
2,0.9499840849652694,10.272125661700313,7.790126459836332
2,1.9243780150052687,8.10997503089261,6.733835233294824
2,1.231262530520305,9.33918546656885,6.039420773602774
2,-0.7116739328004074,9.030785140829117,5.254467057583162
2,1.8419758517093419,7.500903836253511,7.5708618930673985
2,-0.03314614097610025,8.523189341474607,4.314877583008894
3,7.626827092410611,-0.37132144999752903,9.301073508492037
3,6.534265709046524,1.705924869196431,10.576267679442983
3,8.59515411505129,1.5671959008937755,10.159230316649019
3,7.069344738228461,1.5649866356023456,9.402307889778298
0,3.8199129551608353,10.284058301326224,7.639891362109945
0,4.2399450968565136,8.521473893157113,7.397951089120267
0,4.819251363242124,10.472756432391726,7.934433952200639
0,2.2699422081743448,12.494181604857019,6.7168117122651285
0,4.77425109298034,10.664611574426761,6.548039549177115
0,4.647430222221191,8.905715220344156,8.66103282171296
0,4.206900190024341,10.426496488378,8.08362736427525
4,8.461096131632216,4.91445926328659,3.5993902339780357
4,8.799604522654846,4.0165779290624695,3.823455010424286
3,6.283060101869756,2.816386300944094,8.95756034704107
3,7.669281519840585,1.1211221020692295,10.05795107976143
3,7.713253219264268,2.6204419978522737,10.293591657351215
3,7.728203829838762,2.374730937586863,8.501580854320956
3,8.094119473949483,1.8206573808771191,11.018945197833323
2,1.2613525845586726,8.622513487690547,6.425614153270347
2,0.24472992607741917,7.1518445963863595,5.5248716066890315
2,3.075314325003437,8.156623564284915,5.086945312281381
2,1.6924463018658147,8.095469438769408,7.499699970705341
2,3.0567306303633623,9.777350798966012,6.085203722180257
2,1.0685082343605328,8.775649916728607,5.253290880636931
2,-0.010043342748550232,9.818155743984057,8.849787512028152
2,2.202725585030551,9.371053979468847,6.157349417687915
4,8.884068296904664,2.1570874072378095,2.355749627997132
4,7.621411150942039,1.926779620811982,3.6073254367982153
4,7.874537154744697,3.8293686021067987,1.0659241012407288
4,7.888660201982082,1.3242402805093965,2.502156601506395
4,8.332759889107084,3.0164275022504454,1.3023992099457014
4,8.65245997420264,1.973823947270663,4.033839407924278
4,8.416839600393779,3.0362764987523927,2.2070191637386527
4,9.698137162874387,3.295023548651348,2.352482893981371
3,7.773845416491299,-0.2173448231374715,11.478765412644888
3,7.097329976658979,1.9366364357381678,10.47635389371753
3,6.671821521298323,0.8903107703701942,10.976930742131684
3,7.612130661870306,0.4032428117546146,11.951884298593024
2,0.2849315654266793,9.429362192906515,6.823834203140378
2,2.7473369471399383,10.418981874273463,4.873087145662559
2,1.7905037338782575,8.707303263623162,8.989744443343199
4,8.906525581583583,2.1387479707780104,1.2008058766504657
4,6.57887734202477,3.480035075289761,4.264821327992443
3,6.271873917327724,0.4739618239016843,9.142624589895231
3,7.175117974467441,1.4190463604529697,8.173293023254322
3,7.835279535545512,3.303116398288112,8.556585412596633
3,6.139185098884304,2.8578328354999254,10.148207678823994
3,7.469086918957899,0.5043731666231402,8.738496280820247
3,8.002066785051197,1.0740343873135216,8.82528102799316
3,8.686662674808309,-0.029283041064184667,9.19527956814115
2,0.11560848329887885,10.0086830119536,6.551752019328784
2,0.7735732688846652,9.020928065663485,5.882565782075023
3,7.734329785588065,1.8933691253508125,10.685890986252533
0,3.3002667313906606,8.666682655902676,6.883657768111457
4,8.253103019337198,1.074846623001189,3.1444160317764496
3,9.528396363371199,0.05380742800979199,10.5655123924535
3,7.403920077413083,1.267089807209787,9.630299016266807
3,7.941094206420564,1.7848545619437157,9.222065609401358
3,7.136298463075414,1.7217702922326255,8.830720687666911
3,7.423189015758415,1.3557576837026528,9.504042142107927
3,7.570232122215817,1.160233489917078,10.546954968658236
3,6.722240165454416,1.7149535815676646,7.203470035855461
2,1.5867092964247282,8.186073109815133,6.223063802703433
1,6.89568402808483,2.4581561824277216,0.6015417755316068
1,5.741396836580892,1.4648323701631742,2.2598631273042082
1,6.928039069456456,1.1216691428604062,1.437433657090831
0,4.788051534008827,9.342985886759037,9.078671613152597
0,3.80721204219992,9.14549760139006,7.220721260347653
0,3.664104312408085,9.168251939148016,7.758361698678133
0,2.836562443241804,10.468864006948412,8.087472461398054
0,6.659543138423935,8.189550059273824,7.3631800744099625
0,5.578670378087265,9.239778728428018,8.46658898602869
0,5.133059470418474,8.979918356962525,4.996903184157736
0,5.2339612957968935,8.759988576629665,7.696791106511766
0,3.252229641427455,9.54111890851625,8.167236975903734
0,2.4107030613324305,11.616987374305296,6.39488552139241
0,4.330772556969709,9.383482697765823,9.299653956444988
0,3.4960406895501435,7.280055249097243,7.872835368874845
4,8.699077629436747,2.241979257444569,3.6763293922599822
4,6.892847280756782,2.504328913057902,2.5480820458548106
4,9.41333337019029,3.6531473681137925,2.935717285270398
4,7.851490332434611,3.0794471885797323,1.4451345655760997
4,8.554669164090669,4.924439243631109,2.7729600359466433
0,4.607822485338305,9.101608441800792,6.785452743090999
0,5.669672394473315,10.75684266563367,6.93105119733125
0,3.919451412025624,9.120375270039366,7.870489002409439
1,5.680073681030146,3.400215449787745,1.6471555944563632
1,5.135337345407834,1.9017052770713119,2.685130245295277
1,5.462305507998963,2.8600555360635362,4.5689530279269075
0,5.826479759707379,11.355700332708244,8.33374672736305
0,4.964290242819872,9.19147602814636,6.748735808963639
4,7.897207512648133,1.6297543226276308,0.8986949498126136
4,6.5441002538826325,2.689798372518714,2.3596114049749852
4,7.151430587199966,3.824052216378785,2.940550875533715
4,8.757882247017644,2.743930282318074,2.9190046553522055
4,9.705715204929637,2.7710091441622478,3.5250235851947807
4,9.22643280069145,3.0920735548081923,1.3395927569080592
4,8.397612017168413,2.825158746386694,3.449114130507901
3,7.950563713955919,2.4235435200958575,9.750460246194011
3,9.673063285611379,2.26069351176726,7.830012281542482
3,7.451082599183052,1.9386020697667545,10.110347054340727
3,6.750275005173606,1.663350445289678,9.47872063046604
3,7.3530297143539345,0.9762371913761967,8.878668215248648
3,7.6333160333148165,-0.21524751161272104,10.44902596032934
2,2.969256445460373,9.992216798620069,5.8002522013694975
2,0.07289594403288935,7.689277130746075,5.955845547377364
3,6.552309375633714,2.912224299895627,9.329552483843347
3,5.6738040003607635,2.6424562086184684,11.410280984388436
0,3.6199555198461484,8.030772443119151,8.850529579729828
1,6.56904286798439,1.5684056289610195,4.6182022064881
0,4.074843842296365,11.09853871025712,9.594038364461769
0,6.0017902508892025,10.512869106036867,6.963155929368593
2,2.3506026054762135,7.977386428552109,6.406660648277928
1,7.503828411138691,1.754902185906004,3.35177648586304
1,7.069960807817256,1.2624786498484235,2.210291223746106
1,5.5446657534795865,2.268924868349897,2.8840102631125073
1,5.022464335581149,1.3799809396527236,4.258043249360012
1,6.038314170995526,2.6658307366784078,3.55136001321743
1,6.083702476601515,4.288754069916537,3.947194211298013
0,2.9600365715383874,8.381958230922528,7.060168612056707
0,5.142300061542087,9.879596471874027,7.440342890003977
0,5.403825016779068,9.361483549260287,7.219115246710105
2,1.924523792072369,7.625668476264129,3.5377728924072303
1,6.593612732734013,2.025713712135469,-0.46733197993163733
1,6.227021449724137,1.801955703620148,2.8727249391008476
1,6.7832358202318135,1.8307299424396906,2.7574335889744908
0,4.492366081027978,9.456274681209292,7.38427172612568
0,4.725883524047779,9.335315662400744,6.747664045645517
1,5.465096168046497,3.89685633294145,2.132827081983255
0,3.8447830374143037,9.542409219431656,7.6895897639921555
0,3.2398346781343195,10.293272654781678,7.306617919184433
0,4.617938447432566,9.643759815604655,8.29035204545371
0,4.467610964585379,7.993882900802703,7.058892798956351
1,5.277526840477309,2.9712232813700314,1.070793372372169
3,9.78744419882304,-0.42987136724328745,10.893928023915121
2,1.0959953926314412,8.253750324305775,7.042996857198706
2,1.0731764712885141,7.77976349299602,6.471714955536851
3,7.07711196001786,1.3375759622388461,10.108670726623457
0,6.182365882219779,8.484289745703638,4.666594992808038
0,3.9224808505723803,11.566438046989246,9.357807896979612
0,3.3364882417026647,9.577222465364652,6.859942535073511
2,0.8755118715257487,8.736703502071693,5.781550241792833
2,2.1252297189532774,8.312841789792385,5.456706497430167
2,0.07662447695363306,8.890579063330721,6.049561701484284
2,2.034168010443749,9.678695089121575,6.332197908676077
2,0.5493057681143191,8.790187935612883,7.448423861423491
2,2.0281766027304946,8.90885572251218,4.971757127371513
2,1.8853233245402805,10.164007266447092,7.598180840395863
2,2.059496132526257,8.86344082250182,7.262808780811099
1,7.370499821401107,3.060528633810477,3.2377580221851887
3,6.944897513117657,0.8504851165556812,9.325540206215953
2,1.8207347458912468,9.556490055131325,6.2105064323594705
2,0.3595630484601564,8.819804768647176,7.822255661104309
4,8.757039812044107,2.866025173275619,3.7851581877933445
1,7.820268388990831,2.2170234989773796,3.389680678705687
0,4.40358556116697,9.289514045674924,9.380868067633518
2,1.74670778760353,8.989969613551754,6.056868812878191
1,6.658900896619522,2.70836068353535,4.211826841825014
1,6.7387115335281385,3.721282831321794,2.285882156034745
1,6.296757238217142,0.16411786546242535,1.9055882908333774
0,5.363549608539055,10.397048784193798,8.134679044504026
0,3.8055762932271806,9.145720098586828,6.925231704439716
1,4.358252490033747,3.621326284807425,3.9252667349482753
1,6.284903156376114,3.629300112149803,2.44190111931627
0,4.506405661784893,8.377388966529443,8.77562486476421
0,3.968794325109592,10.080693435332414,7.078750235817182
0,5.148392310441206,9.682808337235658,9.52687447536093
0,5.399543680322655,8.239679910867189,8.31155606353152
0,5.038321851265575,9.966247414617758,7.346687821684103
0,3.40454868386113,9.70656487406063,5.883066922170322
2,-0.7542386980192557,6.62291576596038,7.257456782839301
4,8.304449647148921,1.96848660466142,2.4145638010685997
4,8.91366823546824,3.4241577942805685,2.3768780272799885
4,9.380646520754755,2.384296563449495,3.2958052910508573
1,6.001449640521355,2.771455077383269,4.242134359820946
0,2.4856610176051452,9.260161314180364,5.981568470693466
0,5.15009510393987,10.506736349662821,9.298558848884571
2,2.257057185075292,8.146254000054023,6.493157571345559
4,8.024880360413018,2.981104159217667,3.7983030074720965
0,4.718391445784337,10.719937525644232,7.853101003601533
2,2.164683044475346,8.985166928573161,7.411081198256021
2,-0.28727989375878393,8.10765144513724,7.884091158176959
2,1.1707394346603213,8.658136797346724,7.362909652891818
2,2.744553062032608,10.545166617246917,5.39561622852088
2,2.3056227530951414,8.549522823844468,5.566788510372688
2,1.9469867692256941,8.938924479580647,7.8891140790946395
2,2.133896164163338,8.172935950239966,6.604642560926123
2,1.0831637984820215,6.587834395591848,6.189840478680922
1,4.320071631337337,0.8994473899509263,3.1640066467154266
1,6.182991319960084,2.4110360189209654,3.4884302660988946
1,5.810396264265775,0.528995294336184,2.5189767621732413
3,6.593501548236112,0.9909289032418935,8.842968325848544
3,7.641314626848182,2.2612675872608206,9.750500318129891
3,6.9735413479616595,0.53236367625066,8.351487896341096
3,5.5146611585400045,1.4523870996737054,10.237913692687883
3,8.293900885074754,0.6428881272234263,9.874056334115505
3,6.757880335007491,0.9167298007563898,8.837996444042663
3,6.484505304437032,0.8783792999748492,11.250587167289872
0,3.8799236197548974,9.331572775881167,6.9379428954791855
4,9.718388911074179,4.068148381568444,3.8125998101038254
0,2.6368775402089097,10.264643180945802,7.821161607566148
0,4.752399632215594,10.193025083511074,7.6462964805881235
0,3.6260768628997355,9.523198767044784,7.379828619030106
0,7.048970943264655,9.070777581598573,5.628555250211901
1,7.120575718502412,3.3736249645086653,2.8311450448975086
1,8.22814349261532,1.6586942719198132,1.4600999776021064
1,5.2933398182204,3.796633064046257,2.1539041684268714
2,-0.2965554191509283,8.102398484737998,4.574377472826843
2,2.693998298835339,9.828131516316073,7.536740242516463
2,1.269497599488585,7.581126031221755,5.445630851077187
1,5.957769722181492,3.714476510101537,3.79963449381578
1,6.237320438336486,1.6904139077112776,3.514253045008588
1,5.204520169506798,1.1698188921020065,1.8114864238729296
3,9.264041049714749,0.7231644300108238,9.683218661540804
0,3.2241963551053594,10.102713005692944,7.5943677461135835
0,3.272715591595416,9.194617418456678,5.784164054524467
4,8.136996483090506,3.6080064006152215,2.3026052151078957
4,6.952317247930475,1.4247749661541917,3.165382641256426
1,4.348965080767913,4.136682763467021,4.635250829218457
1,6.168770338060268,3.631888641121107,1.340548676454873
0,3.497451435538454,9.388284939104455,7.115854898605519
0,4.43197667899365,10.050380629682966,8.549367161670189
0,2.5461370227255236,11.630511427439219,6.668560884716222
0,4.662722831626278,10.455893728837491,9.548636748463693
0,5.498219312801021,9.091118300909192,7.48199712199851
0,2.8463397830070885,9.797353754978714,7.8538317743619785
2,3.2918692097770816,9.103635851478519,6.018386538267088
1,5.7224409430831145,3.277337194675394,2.2793328868356943
3,6.200061591311666,2.31131069943439,9.677794945869463
3,5.92459682812372,0.34251785864728057,10.368976001253486
3,6.647384222203338,-0.9504137653164735,12.866937203117942
3,8.566609460152687,0.8483626230787309,10.143887198188835
4,9.983903413549067,2.7137135757971595,2.4851514212103942
4,9.65778978641218,2.706597016419261,2.501170379470213
4,9.49555032738708,3.5669527726342465,2.8311608995826805
0,6.327924710167904,9.315014347269038,8.539905839812448
0,5.47201683187355,8.58477202314796,6.208327311513715
2,0.6284025968383925,8.11162581017532,5.874421767263468
1,7.244543462399007,3.1292635508299256,2.9201289701407824
1,6.809306168871412,1.8103276017352896,3.1010535389340963
1,7.570380184378633,2.7556159715235116,3.4741009213422513
0,3.550619740177561,9.532400899608641,5.94767883707733
0,2.738302666634169,8.764008836689284,7.279983946663606
2,1.5529432967239503,9.404192754331158,5.946766150028047
2,1.3033086978689323,9.454830980406822,7.347605243315438
1,6.226561984763799,1.694595471028704,1.4059208458461034
1,5.624495017623325,3.233642605913677,2.2101245442530204
1,4.847133315342463,2.271651084440032,2.4828467796243325
1,6.411065080871497,3.76482635982058,1.0951302839067119
0,4.378825352273593,10.560138281499922,9.775434305676852
0,3.0804965850834267,9.76608817296387,7.0963092906705985
0,5.214233691783321,10.115877833684282,7.824527227178843
0,5.740569847596044,9.948844724868012,7.078981850595147
0,2.53751990511983,9.528344892096266,7.923184163372595
0,3.4233689346524883,8.734008825307045,8.708976143627117
0,3.744671037404696,9.57180773906135,8.543041855744121
0,3.3379918410392087,10.38152702235688,6.7208152605917455
0,4.097885669706428,8.778889717844267,8.31663027351956
0,3.882664072394016,9.81899008669117,7.78153538767019
0,4.144600198452511,10.312482079767891,7.522397869521641
0,6.352552876026292,10.979176893789186,8.514160878544239
0,4.893104750874272,8.740024771588203,7.779452415095377
1,6.45629698708359,2.492825354943366,2.6012663904314195
1,6.591229301342405,2.119484728309345,1.9658408587822291
1,6.527703327539565,2.4046957228385257,3.005157431954939
1,4.946444296163552,2.194715198332853,0.9993864259561822
0,2.9543634345467953,9.103180348666232,9.040413010773392
2,1.1260903496918775,9.278109360803008,6.039444582616428
3,9.47645929229182,1.8557410659034346,8.657331436417794
3,6.630647064506769,0.7672969448235774,11.003780544751464
3,8.1827155042171,-0.004151444205105825,11.371861622713913
3,7.564946178306305,1.0370375710704516,8.85070583290988
0,2.9583253062052597,9.597347933084967,6.5857580205211725
0,2.8455419793928067,8.422613162602362,7.369909598104426
0,1.7320525693663629,11.969044179302161,8.37254976420067
0,4.908922789808072,9.51474795529935,9.605853440135885
0,4.5871779511947635,10.271810073130489,8.30613120201058
0,4.133165944936621,9.748663521884476,8.56879892544012
0,3.628631549434628,8.317321682035343,6.120420210550206
0,5.359530238984266,8.204982992797273,8.258165373579985
0,5.0478274569658,7.9555247792127295,6.7594484515224
0,3.6277268048582787,8.759425954107064,9.259428367484738
0,4.263301937767354,9.577315245985206,7.818646382021329
4,8.286256176375822,2.2610353274340325,1.9742938593963069
1,5.79011797128797,3.685811558985697,2.9616417437509486
1,6.713633715586529,2.0345822350647915,1.1058237979711936
1,7.966033165684843,1.5933102527715903,1.1463728241112077
3,7.109674396383731,-0.6504508253787986,10.059253670270571
0,4.990787402022067,8.721285856059222,9.677484197997419
0,4.4087229846352125,10.141001385638813,7.591748552425833
0,2.7445417156646785,9.366389722687751,7.230500053492219
2,3.7104023840638147,6.901112243137453,5.846334930630978
1,6.304892754280556,0.9802106115317835,2.137298353791409
0,4.818722817378056,9.927522809003166,7.635906922284192
0,4.702704932884778,11.580738380976097,6.224771471709835
0,4.533605484472659,9.597807810275093,8.136653744287678
4,7.910837721753778,3.3369392022975215,2.655572482279658
4,8.407093948701442,1.6677280676983868,1.6749363352083682
4,9.322836091483161,1.9546156192864768,3.108830982744283
4,8.485632210430927,4.473307128054907,3.254913085320381
3,7.165175677480536,-0.06514728530749547,10.333703995813316
3,7.842225018512842,1.8993639483823146,9.575362642259583
0,3.497931392886697,11.656150546855761,7.340919775556649
0,3.612868847107589,7.990079024725152,6.243831005939459
1,4.784665890957379,0.5376278126213123,3.411464372862746
1,6.794403835011748,0.8245522565760517,3.782660429289175
1,5.143095119555173,2.4184408318183626,1.450011263629179
1,6.601830225974811,2.2147540930003786,0.8637030509947472
1,8.37131259262504,4.021380338950553,2.5083066205490367
1,7.167200245167493,2.1135926608845663,3.815001584085048
1,5.982516350159551,0.9529920739303697,2.3918617351797695
1,5.837205162077818,1.377948125236901,2.0377191437075624
0,4.814741299843698,6.952214901062111,7.78689362309914
2,1.0441852674976815,9.753312965636427,7.44708239442881
2,2.263343377616842,7.0169977279679,6.729686931607857
2,2.2129893098940676,6.237216928717315,5.678521701792549
2,0.4995569981955008,9.47495859493092,5.2612410705302235
2,1.2710218275212901,9.929208783833467,5.347737950522506
2,0.32446912376663706,8.331181049665028,6.872095998940776
2,2.9824843845517357,7.075482761026599,5.811609170345319
2,1.7513290370316925,7.965140905417852,6.932549210954637
2,2.0912327347883934,8.900894632853504,4.821570565271322
2,2.3156873630069024,8.411614040022066,6.660235311940574
2,-0.7864312217710703,8.952638917375868,7.491977165429729
2,2.518284978596876,9.02565607116582,6.907778194780274
2,1.1001189487922372,9.472183328590264,5.874075960279588
2,2.062776741130717,9.235086542594644,7.188971609200994
2,2.1563640500896266,8.883554133027248,4.0187606746647315
1,6.3130504195668395,3.099705521547706,3.253052793768968
1,6.327637366381718,2.858962933624309,3.178082144645189
2,0.5213154330087175,9.296251033355627,6.45980879286984
1,8.20714954107305,2.444104161196619,2.166007135678749
2,1.7917765776513286,6.642242392103173,7.507187817442575
1,5.270785030896819,1.3920728781843514,2.7805246981649483
1,7.197784199410356,3.087737087182406,1.0379949718252897
1,6.457673206614379,1.7644032365377955,1.4014787514199292
1,5.286133159853436,0.8818085777640374,3.516639058015749
1,5.702720159913923,2.252612308971949,1.7002961334593127
1,7.319906112732904,1.2876433240332694,3.6397623030327626
0,4.911917833118901,9.402944478733389,8.975202887355241
0,5.51748498618819,9.19666011190016,6.261897790220607
1,6.093661485979773,1.8761307661289732,1.8968750675023183
3,5.7042016482533615,1.2180574440738086,8.970693334757879
2,3.0363504841665736,8.182224499456135,5.767277802740321
2,3.22427357993453,7.2990560568843375,5.760011171281981
2,-0.22470057518127007,8.667543605699805,7.3584814555504146
4,7.206028993488969,2.189314442767232,2.8132455770033036
0,4.28747679435197,9.742121347430304,7.785272738897857
0,3.5581331127078304,8.256847520761648,8.41767789418182
0,5.56077246686743,10.570104498233109,6.012966006869622
0,5.296923447438228,10.574090224532748,7.859440787128293
4,8.277073412053717,3.1878454454297738,4.300741802988541
4,9.216707625098053,2.681661252036458,2.5929477550500435
4,8.164865570614984,1.2874967580813523,2.5266552010477636
4,8.989469024509454,3.475657921998086,1.6167603661717902
4,7.627592696289614,2.7701240818268658,2.9529650314725377
4,8.681644644267216,2.474287758866268,1.0298476041252265
4,8.507791311315634,2.824296245555541,4.204664463783557
3,8.663021322359079,0.6822856781108789,9.992675884789008
2,1.8819355587058753,9.363527055049548,5.7114302700928254
2,0.6522354036661063,8.728407021925062,5.694275116578128
2,3.1377293284249435,9.792679067468951,6.817911888064201
3,7.825184636523894,1.2612157165783093,10.471871087817672
3,8.789673613146036,1.8665999518478311,9.883525356522359
0,6.082798265443293,10.239757750500315,7.378631656723284
0,2.6530669738180017,9.841297401179663,8.398290491838956
0,4.101219444329402,9.325562383844476,9.04120613962368
0,5.201570920122352,8.53910484989184,5.97257902502592
0,2.3353302268083898,9.006871621780665,8.447533363282448
0,3.6804744434875865,9.560521765364701,8.381114843095745
0,4.354325319378637,9.063305935289472,9.03157747977146
0,3.6716228523411347,9.064070683695732,8.130649874279369
2,0.4838927197269147,9.366198309193948,7.378219766221741
1,5.380112459035898,1.2870936215201825,2.5035564395472645
1,4.728170772295266,1.0530933977739072,1.0814927262822538
2,0.8546818574160248,9.801120537948977,5.26449688768996
2,0.15937988479263687,8.565785681399223,5.558628671428566
2,0.1220785183952322,8.809917371818573,6.827708804172666
3,8.219650287853868,1.6053549391140634,10.336039262673621
3,6.269629744693911,1.544280601218161,8.74137983486993
3,7.907431745969419,0.7678936350571377,9.434098755220043
2,1.6348574563383123,10.540224485233098,6.129015458417294
2,1.9477186257613406,8.578568261550046,6.10155231723306
2,0.1051285753290232,9.395444611810062,6.2639482841572
2,0.9298259764657734,9.816968607403815,8.498477878558806
2,2.864453272455788,6.4649305484275175,7.495961802011677
1,7.443145209104372,-0.2315799750349492,2.4073261896229847
2,2.0716313533327515,11.014786583936196,6.661871856312499
1,5.471041666054767,1.5088214416189043,1.9958498438656034
1,5.915074935423686,1.1197373895743288,2.2718636775066803
1,6.564681151075379,2.1044911159751414,2.353746065984079
1,6.34222612667655,1.6391758152258011,4.432579607295697
1,7.346402885378084,2.684804168472065,4.162571167220957
2,1.8841945464611207,9.133931978896008,4.32421924676559
2,1.335882912663396,7.47633811737565,6.207054468293222
3,7.282528459173398,2.208646030289623,9.544604006212634
3,6.6744576670728,1.1424370673506472,9.787211404266344
0,4.095158876705396,10.497124901511928,8.084110381900581
0,4.4151290429753764,8.949728462923948,7.7992291685821185
0,4.076081785326519,10.90260702131587,6.510073664925455
0,3.6821434032033475,8.932083367976022,7.403420118646796
0,6.132550000418455,9.273582211511451,8.877342339732671
0,5.338867544566896,10.20795074902875,6.450259805877829
0,4.639395056091072,11.069438023693234,8.98454236788391
1,6.8025743428781125,2.4879943919112897,3.8144098282293277
0,5.4451083035709225,11.082615075050906,6.867305804470696
0,4.899692371439283,9.853004302830007,8.05113027157023
4,9.033391336076383,4.3527687570545375,3.4205522957286063
4,8.802575026076498,1.878528092576946,3.034351754810715
4,7.504153086283329,3.84428444442012,2.0061122256109245
3,6.364597723052461,0.814752350072193,8.323621650279307
4,7.1196091669043895,2.942096893866842,2.8586908373121473
3,6.893316338723557,1.6960525371898167,10.759769255082006
3,8.299258708208816,0.08670960785582715,9.827498861696052
3,7.31982519558964,0.009665843037370392,8.834118827181344
2,0.5094366739160694,9.496771638044791,4.884105386916284
2,2.1406273099783633,9.34788524965394,7.03566603933488
2,0.5733281827880311,10.230320291638762,5.949958851555381
2,1.4563648919238232,9.14523535927411,4.845232334326824
1,5.152582540627325,3.5688329724835004,3.0746916289760273
3,7.0803934382626394,1.5203184777463394,10.045344626640727
3,6.665359819528447,1.310625764427391,10.890587456889355
3,6.561396081027217,0.1685773200857248,9.485108195783749
0,5.585658126520648,8.958860121922278,5.775906575173026
0,5.011394661257296,10.178498747995294,8.916878795838056
1,7.459337659660821,4.424216870911575,3.3707111456347705
1,6.718499750398765,2.54905559707882,2.4278537263107793
1,8.15669814103275,1.912024248785926,1.04993232452742
1,5.834734174338442,2.77181705697335,0.3039241753741999
1,7.506384002621206,2.953483408540157,3.0957605048595527
0,5.968233859578778,11.51058619143953,7.082198772040709
0,4.929152744382059,9.396057757106798,7.589325127310631
0,3.094088117495176,10.567891793097601,8.929421391833527
0,4.774962724635271,8.53445464729845,6.381945275230176
1,6.7614196271750515,4.39122887568137,1.8729797852138594
2,2.0458315135161897,10.126452492341585,7.256553197416217
3,7.872419638660432,1.228775117305688,10.287328183976456
3,6.269470442856176,0.8727177115620575,8.074460393047952
4,9.030781925973058,4.666527694419976,4.209444430078762
3,6.565217798694794,1.0362552492983568,10.660759938139014
3,7.633919884296309,0.054645113724695715,10.351899893358217
3,7.20618407192918,1.3971391273140448,8.833632575911615
3,8.368661859553079,1.4384256867002032,10.549532682070405
4,9.684480326235265,2.7909383528931158,2.4540037077114887
0,3.8862323056222983,9.350569326808905,6.841367129762407
0,3.7112588011070295,8.851560303873754,5.858047644575799
0,4.139950815944707,9.300249005193866,7.346448030431867
4,6.789770501123783,2.4482363097649746,2.023730058986297
3,8.424548257430013,0.6980575274672949,9.37726735164144
3,8.741907997586285,0.0466930756126025,9.349784170472107
3,7.704718449328816,1.1538212782874455,8.880760035267135
3,8.724681676345124,1.467447856092649,9.965606531817881
3,6.309635208587412,1.5350604732301296,8.725134072615939
3,6.526006951298047,1.1606031679307283,7.843421750703707
3,6.978851331720903,1.0684945328669755,9.093630828053545
3,7.914495289500726,2.8264199877537957,10.858662258801896
3,8.054343890068214,1.5790577468784734,7.801516090112339
3,6.188293027852387,0.685876150070851,11.431885157805885
3,7.297909032014243,2.4321521641969417,9.667184660091918
3,7.099530847757498,2.239692103635482,9.20302631591046
3,5.408360677928796,0.9418764692872039,9.429350473183069
4,8.753934116545109,1.65594424684785,2.2852285030601402
4,11.176658005267868,3.2066764848515805,1.1197821554431147
3,6.480327809975963,1.5873487068651622,8.437663067689748
3,7.663506000341116,0.5773851879864041,9.190065966308971
3,7.75303464838072,0.9944191300188713,9.796682350705224
2,1.9678389808671968,10.013544464279976,5.8968387411754835
2,1.6389255935903448,7.950686858563944,6.811595714076598
1,6.856241942712468,1.3018756141455052,3.085310193468772
1,6.027278445707138,2.943086949125663,2.7001354877568375
1,6.763143314930492,1.7668600169531339,2.862337386577308
1,5.67337934930246,2.1424626963037015,3.2330805103619378
0,4.3435291355201695,8.619922382899649,6.920165919833759
0,4.301282860705037,10.446416319906344,9.178964782077763
0,4.165092471596595,6.80892391496401,7.088215300151015
0,5.542523381406813,9.191092804676774,6.988578982462327
0,3.2608574977403357,10.324635974320982,7.803341981758933
0,3.7200283439962996,9.558274712920252,7.644281763114766
0,3.8587153372781295,9.26898123828889,7.875274380705655
0,2.817729016257433,9.254931394168372,7.837124148016543
0,3.4773678357386544,9.140234352803992,6.4578761372622875
2,2.951869528064826,8.180634873826081,6.735049241945421
2,1.076509835294044,9.48109305076462,8.25864393898529
4,7.851991950426346,2.744830511394335,4.1702796458960805
3,7.510497705045193,0.9905631525455403,9.665000492349451
4,8.997388040634792,3.106897243115171,3.331445399952129
4,7.029759027513952,3.780206588601382,2.180885178840035
4,8.823325413983136,3.4444528473420473,1.6737376727559525
4,7.5109965688748765,3.78709878863428,4.109095380614888
4,7.403664280174741,1.6316815002516405,2.527831734151462
3,6.573304746788403,2.1818309592416694,9.262693290229752
4,8.023549918923429,1.7563572534716196,1.5410238018546691
4,8.790375613770099,2.9962614457383867,-0.35471126603681746
3,9.448290742330247,0.8129879643766229,10.553937676030246
3,8.188660048938832,0.23634392783738478,11.476551867373507
3,7.1024932077817455,1.7791871830848665,8.624777391946365
2,2.4467229680981992,8.266607603910401,5.353477462928627
2,1.7520666379484422,10.508253024812985,6.347370582156316
2,-0.32787913218105724,7.427270273141606,8.397311104919687
1,6.510769796313527,1.3955037628151001,2.1266346264598432
1,7.103088758534014,2.9476471426520217,2.6037611167445376
2,3.4321711618072888,9.605474633635534,6.193298591284639
2,2.382066300636768,8.672876378378692,6.503407479965531
2,0.49465610169186514,8.698467110899275,6.558945181535251
2,0.8433115865820823,8.867622173258162,6.197826135787728
2,-0.2215782097644623,9.377829789538177,6.344060484798069
2,1.97340806484845,8.381979778552772,8.29772276302907
2,0.10631888131760125,9.448778422554726,4.544490004610758
3,8.4013075796203,1.0916242599230512,11.054985317000138
3,8.526216628824269,0.6666524696319274,8.651126519494236
0,3.7341909746205504,8.037082682212402,4.755789878192077
2,0.967183161565867,7.494241785138838,6.894481710967818
2,1.9844188042251585,6.925843612278996,6.0215143305058705
4,8.828054935129463,4.868226529744124,2.6095928611548462
4,7.978145150361023,3.364560708658953,1.6541306706092263
4,10.215449107270897,3.410137561570428,2.501623833356696
1,5.681365778939856,3.014383933571151,2.560923643994258
1,6.171474135001882,1.7738813199167869,0.218653835690918
2,2.666589235934186,9.221075245214648,7.607282029334107
2,1.057535642895715,8.506790009274932,5.340748250270054
2,-0.264193221826053,8.240038532487551,6.614424137291857
2,1.145708340379537,8.445970321938868,5.210175383509281
3,7.080397984720569,-0.32920986051854495,10.050781880797189
3,7.726201063363086,0.9293298869924687,11.099598363441816
3,8.802111002208417,1.387589245085024,11.361045568547059
3,8.999033605833041,0.6826408348304623,9.430591931848323
3,7.646680552836495,2.3857921071360946,9.869548539305995
3,8.104887707297063,0.9718682300550735,10.383865286940262
3,6.89938815333136,-0.7658414153764028,9.872776605963109
3,7.146996496946341,1.099652359190976,11.236822228371633
3,6.680500988087519,2.2269851127210734,10.312732972469837
4,9.838653490958661,2.4367065542010127,2.7098592241050246
4,8.155605104093391,2.181449526297076,2.9978420221370086
4,8.93548548778832,1.7591836115177115,1.921402836833663
4,7.46340724169767,1.7492681521921218,2.3532858081201384
1,7.88402859119889,1.928179161595561,1.5634797473398931
0,4.146115449111278,10.605135884105808,9.243352589390941
0,3.9971989913620924,9.049157347095433,6.994042304282344
0,4.264639575784251,7.647072670181952,8.906247801155315
0,4.188442934086724,9.587504724564258,6.911274673054632
0,5.375453978752753,7.825227454244319,9.082883703755881
4,6.758157412720127,3.252004686326112,1.6169185024797186
4,9.426411550435102,3.7578227713209795,0.5091972845124104
0,5.581104570133139,9.287412211274422,6.997128377566841
0,5.025901683408052,9.445763389131915,6.691303248987437
0,5.048220591312685,8.78139456826552,7.5770076392864505
0,3.7133761316599188,8.517884936845272,5.9566696608417
0,4.623028420101838,8.370359526289832,8.196387545776838
0,5.0851800054999154,9.097338447470253,6.893345107139501
0,6.068953975959996,8.691357330518118,9.155741607499118
0,3.5113610298260856,8.23929683774266,8.363973390146121
2,1.210236348838125,9.405608481758868,5.9408937406097815
2,0.09460401406869767,9.770897770452397,6.925663194132836
2,1.1472586231615778,9.977938156066202,6.891818813550164
2,0.8268910893690197,7.598796665548106,7.30373279507799
1,6.993150058791585,3.519601061363063,3.4567422399285377
1,6.611674677347636,4.685819600520771,1.7863090060921274
1,4.5518543702707905,1.6196771207398188,3.548556965075914
1,6.5976396569706965,2.5893433008118425,2.8293955472099963
2,2.9923350468746817,9.091012598539303,7.073482834840391
2,0.7985059774554548,9.69598390036948,6.861260425007388
2,2.424375885573159,10.484027467720548,8.03329829117508
2,2.440067670872571,7.138962104296644,5.885586969426228
2,2.2516616650765773,7.758319571011689,7.028665225798622
2,0.20648246843969598,9.079336335635919,5.422161764788131
3,7.086484563476438,-0.9296058463547685,9.52016756980659
3,7.906138276988937,0.11440802997778321,11.640607756597673
3,6.826810614193332,0.3150042251449967,9.94829926949236
0,4.448005855509389,9.741139232470328,8.525861013813302
0,3.5977776140557816,9.556928822722874,7.784249893227001
0,3.573047321288927,9.383627020292781,8.359865631139321
0,3.373186496885614,10.593075587108501,9.489504731416316
4,8.736803141098335,3.549712164747588,3.694543029951056
4,8.376330198655564,3.163641923483577,3.2890711120409843
4,7.354296310653061,2.6729415597924318,2.68242745211718
4,9.657015872043253,1.6654580844899307,0.6664242494450316
1,7.096645031291261,2.635613686507501,3.050440220751595
0,5.906009789633812,8.899473581290835,7.210390819893686
0,4.647584042214579,8.640154657125521,8.943388277408141
0,4.395718573377532,9.255973888871493,8.196353230101872
0,7.13684068406553,7.404045213080065,8.464401121805581
0,2.9819528985971555,8.96132531904152,7.30505875578302
0,3.751788333109054,10.974960102837281,5.100136819767567
2,0.9608062618186938,9.810230698413829,5.592319629958749
2,-0.10985023617352785,7.642234801378457,7.547349648053609
1,5.4709988124433995,2.7307919815470627,4.135999974393906
1,7.0908081563684515,2.9361739628038714,2.7656117442728405
1,7.132956920686129,3.8436134791350645,1.9444017418640676
1,4.649814718227943,2.042704997287943,2.8203967211272767
0,6.925547395528378,8.914234105154973,6.734642169476313
0,4.456145303119614,9.752560216713153,6.6838771865666455
0,5.028226033015834,8.286020013709814,9.558809747020444
0,4.351392370549165,10.47020037907483,6.042215689611913
2,1.8678278864596458,10.082088431046348,5.607880514179236
2,2.8889071377874433,7.429761156558978,6.261065795921582
2,-0.5026655738066843,9.604510034253428,6.035854829698696
2,1.3671868149919597,7.769216104308525,7.640035678408029
2,2.948647259138384,8.216539975806267,4.153785170940653
4,7.313543420343749,2.391655624278359,2.295516827517826
4,8.403939298027751,3.2493044836336638,2.45503930175462
4,7.997629429347078,3.3692201108931843,1.656703480147099
4,6.427026379619059,2.2250539543850643,1.7086405958031448
4,8.25260691569488,1.1171594982365953,1.2809772017516166
4,10.484816392473824,2.1317563965830537,2.8089514877869957
4,9.002846756352113,2.833608535378492,1.4411309412646611
4,6.695245754225741,4.401431466297467,1.803051146068471
3,7.011064619588816,1.6912260021180874,9.000916467051336
3,7.453444829886388,0.5042052880475432,10.725060646116876
3,7.627649950839008,2.291160873019531,9.165241181399706
3,7.4965706265070535,0.39355109809462707,9.524893336156111
3,8.17657253104513,1.111287585067844,9.653523065132118
3,6.616329775535835,1.3578106404664123,10.931666417110957
0,4.688008054336738,11.827878503112041,7.183548053118685
2,0.8160227459945557,9.694233770659318,6.9696121671993465
1,5.574396008407094,2.8401431534819745,-0.12829540219386137
1,6.57468841262157,2.876830820058642,3.7831132712233217
3,7.2892730557259435,0.5103264298716698,9.326112680392919
3,6.1079667684083505,2.714556999501755,9.860833236377234
4,7.902416383211394,1.618426648952223,2.104256141736716
4,8.81782461935172,4.119399813678049,3.7778890228361566
4,7.93265382906655,3.3552503233951576,3.737747662599668
4,6.970386924571125,4.657790933612832,2.6882085560628592
4,9.068777591117613,3.4847964171088988,1.3601202883255699
4,9.892383561999077,3.4652767000505253,1.0920473515155196
4,8.624256557701216,2.799543168961542,1.831458224011345
1,5.8707432739672605,1.8560014080126823,1.8657144970346695
1,6.2520716413850845,-0.5252809260203395,4.456922707527487
1,6.190157313067715,2.593278980585869,1.6762783281695999
0,4.380326263648945,11.25215163550011,9.485234171075756
2,2.0697136049770855,8.86443104325827,8.5137082087506
1,6.984323426890983,1.9496200452384844,2.185297405590788
0,2.7332561521695906,9.67602902035635,7.907105766394636
0,4.501881831704961,10.534244307375445,5.482298534462322
0,3.25734183719827,11.326596373336518,4.947047796958939
0,4.047423202081658,8.545830537760331,7.072727082494403
0,4.48125070873396,10.063849685522534,6.672020749040218
0,5.505155863514475,9.229411440079474,7.374488696952207
0,4.991608624905687,10.596617322481997,6.183944179921548
4,11.137020557618953,2.727901525051191,2.2797515706840343
3,7.875368091937666,0.8369669950807649,9.233136356918205
3,7.968297257734129,1.5082349522798901,9.668184697602566
2,0.9253291443705671,9.873487051427743,5.855979812276096
2,3.1219091940424093,9.230355376531309,6.8854657882155035
3,7.532370928846509,0.8190187511840425,9.479000836250787
3,6.302693043571827,1.6880052561530365,7.235917849127872
4,8.890432890061675,2.082654541310837,1.6353624914794729
1,6.104241664095177,1.8223857305898745,1.2300707186168514
1,3.7608610009651633,1.882766672163176,3.5466505992610067
1,4.6553823334189754,2.300736539691645,1.1648979804991815
1,4.99099226630537,2.742866132821114,3.6086251230195283
1,5.763827645447619,3.2835848051193315,1.3265746060410657
1,7.044873470097608,3.232233840354308,2.141805539157918
0,6.812365411795731,9.02497420633003,6.02008605093719
0,2.5234526850983476,9.67598568228773,7.58620895302695
0,4.142973088075601,10.196971692764018,7.711023677958827
0,3.4796425695195117,9.494588673728561,8.440541279597749
0,6.491429190056764,10.514814577531288,7.639606453153726
0,5.307070079206213,9.741239060178984,8.841034393604723
0,4.762531685241535,9.877214483621929,7.78199741990852
0,3.798666999332819,8.766415955608169,6.95859337661596
0,3.62164545253734,11.681200160706206,8.919284538291048
0,3.645764348652085,9.756443608860993,6.098799058403517
0,4.464985337415539,10.796012764130806,7.191715798200886
0,5.707781507190976,10.738994484750116,7.480590685588629
0,5.370280102304174,10.815661997476044,8.734386346703374
4,9.141481132063035,2.547132602614849,2.3597888357024592
3,7.823544575376924,3.235072544448148,9.729871488415432
3,8.16444961296788,1.971072457959031,8.92244228924846
3,5.679971584653472,1.219287859734454,9.840561271298002
4,9.496360401966927,2.2105151680949473,3.396543081120267
4,9.546395879423207,1.925248187436659,2.3522696069351086
4,9.023080369488403,4.533550337005499,2.6586286394065426
3,5.911728261512752,3.083027465408199,8.781295952188962
3,6.871283928496591,-0.23279947330671447,8.895893711215459
3,6.734376234467262,0.9492904614512504,10.473374379772984
3,5.864465345810481,0.028281973519930004,9.706163815011449
2,0.7940744425680045,7.984584448345572,5.2959886555268865
3,6.995311123216599,1.9025440298209977,9.164206758425873
3,7.795865574621427,1.334623930933411,10.09332896551261
3,9.593336996747523,1.1940885869296167,8.682833796087575
3,7.401755908489432,1.5586090083736202,10.04156687992452
2,1.3938533253956056,9.136239448386558,7.613082957894804
3,8.148076933253783,1.043113911721676,10.067875987379638
3,7.7745721553383325,0.4632971215370928,10.57471476934316
3,8.523872840950023,1.1205718436297036,9.802062767473465
0,4.167133941584664,11.362944968351254,7.237235031679149
0,5.420855237076831,9.735123474499721,8.817160260599696
0,4.461961936232385,11.362963429148579,6.727752780880147
2,3.8175211010615797,9.328944556679867,7.2495036102072845
1,6.860977286006542,3.3414950558028056,1.4256284754338808
2,2.929533365301834,8.223839270018356,6.742642616013077
2,1.5954771369170826,8.982880861797636,5.024606837574389
2,2.3160379146789203,8.65521025306908,6.717647773878076
2,0.5001671592417039,8.492623935100116,6.433930202675179
4,8.227812757288461,1.475142472235958,1.3206088884363987
3,4.650375459241264,2.1278056771156937,9.744415690075398
3,8.420504331629566,1.0038113794147052,9.622851666926634
3,5.819225401697617,2.931131784797379,11.128472010728
2,1.1408202377884304,9.292458902482014,7.4798065606727295
2,-0.13261637189200637,8.510081615003301,6.494358932931114
2,3.1739890882010817,9.588761000193095,6.287977973567602
2,0.11364558175781814,8.386949399437746,6.888853853901955
1,7.06750204293397,2.7258463053584285,2.5720104889926443
1,6.421827141898789,1.3623202185413998,1.1704530990809205
1,4.89828893633722,1.8182400906641734,2.7330574617359535
0,4.264373186445716,9.102636272525162,7.0140154683352876
0,5.464098177208473,9.659866886997351,9.63002151644639
2,1.3103235796033288,10.299799594804341,6.399869384946102
4,8.78834820645843,2.098037623844356,3.4597046205416113
4,8.780394915919857,2.348359971664253,1.2152715647182846
4,7.974846686755033,3.912876849786423,2.1388538664786987
0,3.307071453524231,8.766581318639991,7.823333736850659
0,3.045067298272015,7.725283879350895,6.359501645036883
2,1.506834664511553,9.711595631765507,5.687766222034993
4,8.179996758555792,2.7607315358326137,2.3097284916775416
3,6.4520703061585305,0.6927700578285566,9.344393135284884
3,7.661285351062789,1.3663231914333043,11.032466706774013
0,4.167943606615818,9.77678058696279,9.157811912562613
4,8.560620815631511,2.7467167902190943,2.848518057938081
3,6.520451568842826,-0.27750585844889875,10.661932277803528
2,-0.7105263098419692,7.902797796482533,6.923649569919975
2,2.9686171691558263,8.811900913660194,7.200413630731732
1,7.688453216369336,1.5476695265727296,2.5016210597741595
